{
	"ts": [{
		"class": "文字",
		"font": "GothamMedium.otf",
		"size": "27",
		"wordspace": "0",
		"verticalspacing": "0",
		"rotation": "0",
		"color": "ffffffff",
		"typeset": "横排",
		"con": "diy",
		"cid": "0",
		"pos": "i",
		"offset_x": "-517.85",
		"offset_y": "-34.89999999999998",
		"maxNum": "20",
		"maxLine": "1",
		"align": "right",
		"wenan": ["INTERPHOTO"]
	}, {
		"class": "文字",
		"font": "GothamExtraLight.ttf",
		"size": "32",
		"wordspace": "0",
		"verticalspacing": "0",
		"rotation": "0",
		"color": "ffffffff",
		"typeset": "横排",
		"con": "diy",
		"cid": "1",
		"pos": "g",
		"offset_x": "517.5",
		"offset_y": "-34.35000000000002",
		"maxNum": "22",
		"maxLine": "1",
		"align": "left",
		"wenan": ["www.abc.com"]
	}],
	"t_pos": "h",
	"offset_x": "-0.000039062500000008884",
	"offset_y": "-0.033984375",
	"cannot_edit": ""
}