{
	"ts": [{
		"class": "图片",
		"file": "shuiyin19_tx01.svg",
		"color": "ffffffff",
		"cid": "0",
		"con": "fix",
		"pos": "h",
		"offset_x": "-0.05000000000001137",
		"offset_y": "-99.64999999999998"
	}, {
		"class": "文字",
		"font": "TrendLigSSiBol.otf",
		"size": "30",
		"wordspace": "10",
		"verticalspacing": "0",
		"rotation": "0",
		"color": "ffffffff",
		"typeset": "横排",
		"con": "diy",
		"cid": "1",
		"pos": "h",
		"offset_x": "2.0500000000000114",
		"offset_y": "-189.29999999999995",
		"maxNum": "38",
		"maxLine": "1",
		"align": "center",
		"wenan": ["INTERPHOTO"]
	}, {
		"class": "文字",
		"font": "GothamBold.otf",
		"size": "15",
		"wordspace": "8",
		"verticalspacing": "0",
		"rotation": "0",
		"color": "ffffffff",
		"typeset": "横排",
		"con": "diy",
		"cid": "2",
		"pos": "h",
		"offset_x": "-2.1000000000000227",
		"offset_y": "-149",
		"maxNum": "8",
		"maxLine": "1",
		"align": "center",
		"wenan": ["2018"]
	}, {
		"class": "文字",
		"font": "GothamBold.otf",
		"size": "14",
		"wordspace": "7",
		"verticalspacing": "0",
		"rotation": "0",
		"color": "ffffffff",
		"typeset": "横排",
		"con": "diy",
		"cid": "3",
		"pos": "h",
		"offset_x": "3.25",
		"offset_y": "-120.95000000000005",
		"maxNum": "12",
		"maxLine": "1",
		"align": "center",
		"wenan": ["PHOTOGRAPHY"]
	}],
	"t_pos": "h",
	"offset_x": "0.0017187499999999911",
	"offset_y": "-0.09695312500000001",
	"cannot_edit": ""
}