{
	"ts": [{
		"class": "文字",
		"font": "GothamMedium.otf",
		"size": "32",
		"wordspace": "5",
		"verticalspacing": "0",
		"rotation": "0",
		"color": "ffffffff",
		"typeset": "横排",
		"con": "diy",
		"cid": "0",
		"pos": "h",
		"offset_x": "0.05000000000001137",
		"offset_y": "-96.70000000000005",
		"maxNum": "34",
		"maxLine": "1",
		"align": "center",
		"wenan": ["INTERPHOTO"]
	}, {
		"class": "文字",
		"font": "GothamExtraLight.ttf",
		"size": "29",
		"wordspace": "6",
		"verticalspacing": "0",
		"rotation": "0",
		"color": "ffffffff",
		"typeset": "横排",
		"con": "diy",
		"cid": "1",
		"pos": "h",
		"offset_x": "0",
		"offset_y": "-56.549999999999955",
		"maxNum": "32",
		"maxLine": "1",
		"align": "center",
		"wenan": ["2018 | PHOTOGRAPHY"]
	}],
	"t_pos": "h",
	"offset_x": "-0.00007812500000001777",
	"offset_y": "-0.05734375000000007",
	"cannot_edit": ""
}