{
  "frames": [
    {
      "filename": "1120000",
      "d": 0.04,
      "frame": {
        "x": 2,
        "y": 2,
        "w": 96,
        "h": 392
      }
    },
    {
      "filename": "1120001",
      "d": 0.04,
      "frame": {
        "x": 100,
        "y": 2,
        "w": 96,
        "h": 392
      }
    },
    {
      "filename": "1120002",
      "d": 0.04,
      "frame": {
        "x": 198,
        "y": 2,
        "w": 96,
        "h": 392
      }
    },
    {
      "filename": "1120003",
      "d": 0.04,
      "frame": {
        "x": 296,
        "y": 2,
        "w": 96,
        "h": 392
      }
    },
    {
      "filename": "1120004",
      "d": 0.04,
      "frame": {
        "x": 394,
        "y": 2,
        "w": 96,
        "h": 392
      }
    },
    {
      "filename": "1120005",
      "d": 0.04,
      "frame": {
        "x": 492,
        "y": 2,
        "w": 96,
        "h": 392
      }
    },
    {
      "filename": "1120006",
      "d": 0.04,
      "frame": {
        "x": 590,
        "y": 2,
        "w": 96,
        "h": 392
      }
    },
    {
      "filename": "1120007",
      "d": 0.04,
      "frame": {
        "x": 688,
        "y": 2,
        "w": 96,
        "h": 392
      }
    },
    {
      "filename": "1120008",
      "d": 0.04,
      "frame": {
        "x": 786,
        "y": 2,
        "w": 96,
        "h": 392
      }
    },
    {
      "filename": "1120009",
      "d": 0.04,
      "frame": {
        "x": 884,
        "y": 2,
        "w": 96,
        "h": 392
      }
    },
    {
      "filename": "1120010",
      "d": 0.04,
      "frame": {
        "x": 982,
        "y": 2,
        "w": 96,
        "h": 392
      }
    },
    {
      "filename": "1120011",
      "d": 0.04,
      "frame": {
        "x": 1080,
        "y": 2,
        "w": 96,
        "h": 392
      }
    }
  ],
  "meta": {
    "image": "58182.png",
    "size": {
      "w": 1276,
      "h": 421
    }
  }
}