{
  "frames": [
    {
      "filename": "1110000",
      "d": 0.04,
      "frame": {
        "x": 2,
        "y": 2,
        "w": 96,
        "h": 392
      }
    },
    {
      "filename": "1110001",
      "d": 0.04,
      "frame": {
        "x": 100,
        "y": 2,
        "w": 96,
        "h": 392
      }
    },
    {
      "filename": "1110002",
      "d": 0.04,
      "frame": {
        "x": 198,
        "y": 2,
        "w": 96,
        "h": 392
      }
    },
    {
      "filename": "1110003",
      "d": 0.04,
      "frame": {
        "x": 296,
        "y": 2,
        "w": 96,
        "h": 392
      }
    },
    {
      "filename": "1110004",
      "d": 0.04,
      "frame": {
        "x": 394,
        "y": 2,
        "w": 96,
        "h": 392
      }
    },
    {
      "filename": "1110005",
      "d": 0.04,
      "frame": {
        "x": 492,
        "y": 2,
        "w": 96,
        "h": 392
      }
    },
    {
      "filename": "1110006",
      "d": 0.04,
      "frame": {
        "x": 590,
        "y": 2,
        "w": 96,
        "h": 392
      }
    },
    {
      "filename": "1110007",
      "d": 0.04,
      "frame": {
        "x": 688,
        "y": 2,
        "w": 96,
        "h": 392
      }
    },
    {
      "filename": "1110008",
      "d": 0.04,
      "frame": {
        "x": 786,
        "y": 2,
        "w": 96,
        "h": 392
      }
    },
    {
      "filename": "1110009",
      "d": 0.04,
      "frame": {
        "x": 884,
        "y": 2,
        "w": 96,
        "h": 392
      }
    },
    {
      "filename": "1110010",
      "d": 0.04,
      "frame": {
        "x": 982,
        "y": 2,
        "w": 96,
        "h": 392
      }
    },
    {
      "filename": "1110011",
      "d": 0.04,
      "frame": {
        "x": 1080,
        "y": 2,
        "w": 96,
        "h": 392
      }
    },
    {
      "filename": "1110012",
      "d": 0.04,
      "frame": {
        "x": 1178,
        "y": 2,
        "w": 96,
        "h": 392
      }
    },
    {
      "filename": "1110013",
      "d": 0.04,
      "frame": {
        "x": 1178,
        "y": 2,
        "w": 96,
        "h": 392
      }
    },
    {
      "filename": "1110014",
      "d": 0.04,
      "frame": {
        "x": 1178,
        "y": 2,
        "w": 96,
        "h": 392
      }
    },
    {
      "filename": "1110015",
      "d": 2.8,
      "frame": {
        "x": 1178,
        "y": 2,
        "w": 96,
        "h": 392
      }
    }
  ],
  "meta": {
    "image": "58181.png",
    "size": {
      "w": 1276,
      "h": 421
    }
  }
}