{
	"ts": [{
		"class": "图片",
		"file": "58181,58182",
		"con": "fix",
		"pos": "a",
		"color": "ffffffff",
		"cid": "0",
		"shadow_c": "1a000000",
		"shadow_x": "2",
		"shadow_y": "2",
		"shadow_r": "2",
		"nc_color": "0",
		"animation_id": "0",
		"type_id": "1",
		"animation_be": "0",
		"animation_time": "0",
		"animation_fc": "0",
		"animation_hold_time": "0",
		"special_x": "0",
		"special_y": "0",
		"animation_json": "",
		"offset_x": "91",
		"offset_y": "558"
	}, {
		"class": "文字",
		"font": "GothamMedium.otf",
		"size": "70",
		"wordspace": "2",
		"verticalspacing": "0",
		"rotation": "0",
		"color": "ffffffff",
		"typeset": "横排",
		"con": "diy",
		"cid": "1",
		"shadow_c": "1a000000",
		"shadow_x": "2",
		"shadow_y": "2",
		"shadow_r": "2",
		"nc_color": "0",
		"animation_id": "20004",
		"animation_be": "0",
		"animation_time": "0",
		"animation_hold_time": "0",
		"effect_id": "0",
		"font_x_off": "0",
		"font_y_off": "0",
		"animation_json": "ENJOY_wz1.json",
		"pos": "a",
		"offset_x": "105",
		"offset_y": "625.15",
		"maxNum": "20",
		"maxLine": "1",
		"align": "left",
		"wenan": ["ENJOY"]
	}, {
		"class": "文字",
		"font": "GothamMedium.otf",
		"size": "70",
		"wordspace": "2",
		"verticalspacing": "0",
		"rotation": "0",
		"color": "ffffffff",
		"typeset": "横排",
		"con": "diy",
		"cid": "2",
		"shadow_c": "1a000000",
		"shadow_x": "2",
		"shadow_y": "2",
		"shadow_r": "2",
		"nc_color": "0",
		"animation_id": "20004",
		"animation_be": "0",
		"animation_time": "0",
		"animation_hold_time": "0",
		"effect_id": "0",
		"font_x_off": "0",
		"font_y_off": "0",
		"animation_json": "ENJOY_wz2.json",
		"pos": "a",
		"offset_x": "105",
		"offset_y": "714.1",
		"maxNum": "20",
		"maxLine": "1",
		"align": "left",
		"wenan": ["THIS"]
	}, {
		"class": "文字",
		"font": "GothamMedium.otf",
		"size": "70",
		"wordspace": "2",
		"verticalspacing": "0",
		"rotation": "0",
		"color": "ffffffff",
		"typeset": "横排",
		"con": "diy",
		"cid": "3",
		"shadow_c": "1a000000",
		"shadow_x": "2",
		"shadow_y": "2",
		"shadow_r": "2",
		"nc_color": "0",
		"animation_id": "20004",
		"animation_be": "0",
		"animation_time": "0",
		"animation_hold_time": "0",
		"effect_id": "0",
		"font_x_off": "0",
		"font_y_off": "0",
		"animation_json": "ENJOY_wz3.json",
		"pos": "a",
		"offset_x": "105",
		"offset_y": "804.05",
		"maxNum": "20",
		"maxLine": "1",
		"align": "left",
		"wenan": ["MOMENT"]
	}],
	"t_pos": "g",
	"offset_x": "0.035",
	"offset_y": "-0.04086914062500002",
	"animation_id": "0",
	"animation_be": "0",
	"animation_time": "0",
	"animation_hold_time": "0",
	"effect_id": "0",
	"animation_json": "",
	"cannot_edit": ""
}