{
	"ts": [{
		"class": "文字",
		"font": "YingBiXingShu.ttf",
		"size": "143",
		"wordspace": "0",
		"verticalspacing": "0",
		"rotation": "0",
		"color": "ffffffff",
		"typeset": "横排",
		"con": "diy",
		"cid": "0",
		"pos": "f",
		"offset_x": "-501.95",
		"offset_y": "-329.7",
		"maxNum": "3",
		"maxLine": "1",
		"align": "right",
		"wenan": ["印"]
	}, {
		"class": "文字",
		"font": "YingBiXingShu.ttf",
		"size": "143",
		"wordspace": "0",
		"verticalspacing": "0",
		"rotation": "0",
		"color": "ffffffff",
		"typeset": "横排",
		"con": "diy",
		"cid": "1",
		"pos": "d",
		"offset_x": "510.1",
		"offset_y": "-260.2",
		"maxNum": "3",
		"maxLine": "1",
		"align": "right",
		"wenan": ["象"]
	}, {
		"class": "文字",
		"font": "GothamRoundedBold.otf",
		"size": "18",
		"wordspace": "3",
		"verticalspacing": "0",
		"rotation": "0",
		"color": "ffffffff",
		"typeset": "横排",
		"con": "diy",
		"cid": "2",
		"pos": "b",
		"offset_x": "0",
		"offset_y": "323",
		"maxNum": "30",
		"maxLine": "9",
		"align": "center",
		"wenan": ["8th . September . 2018$Shanghai . China$http://interphoto.com"]
	}],
	"t_pos": "b",
	"offset_x": "0.0016406250000000177",
	"offset_y": "0.11140625",
	"cannot_edit": ""
}