{
	"ts": [{
		"class": "图片",
		"file": "shuiyin6_tx01.svg",
		"color": "ffffffff",
		"cid": "0",
		"con": "fix",
		"pos": "e",
		"offset_x": "-28.149999999999977",
		"offset_y": "2.1000000000000227"
	}, {
		"class": "文字",
		"font": "GothamExtraLight.ttf",
		"size": "40",
		"wordspace": "0",
		"verticalspacing": "0",
		"rotation": "0",
		"color": "ffffffff",
		"typeset": "横排",
		"con": "diy",
		"cid": "1",
		"pos": "f",
		"offset_x": "-569.25",
		"offset_y": "4.0500000000000114",
		"maxNum": "13",
		"maxLine": "1",
		"align": "right",
		"wenan": ["PHOTO BY"]
	}, {
		"class": "文字",
		"font": "GothamMedium.otf",
		"size": "40",
		"wordspace": "0",
		"verticalspacing": "0",
		"rotation": "0",
		"color": "ffffffff",
		"typeset": "横排",
		"con": "diy",
		"cid": "2",
		"pos": "d",
		"offset_x": "513.65",
		"offset_y": "1.9499999999999889",
		"maxNum": "16",
		"maxLine": "1",
		"align": "left",
		"wenan": ["INTERPHOTO"]
	}],
	"t_pos": "e",
	"offset_x": "-0.000039062500000008884",
	"offset_y": "0.032343749999999984",
	"cannot_edit": ""
}