{
	"ts": [{
		"class": "图片",
		"file": "shuiyin12_tx01.svg",
		"color": "ffffffff",
		"cid": "0",
		"con": "fix",
		"pos": "e",
		"offset_x": "0",
		"offset_y": "-52"
	}, {
		"class": "文字",
		"font": "JunYa.otf",
		"size": "108",
		"wordspace": "0",
		"verticalspacing": "3",
		"rotation": "0",
		"color": "ffffffff",
		"typeset": "竖排",
		"con": "diy",
		"cid": "1",
		"pos": "h",
		"offset_x": "-1",
		"offset_y": "-585",
		"maxNum": "1",
		"maxLine": "4",
		"align": "center",
		"wenan": ["印象"]
	}, {
		"class": "文字",
		"font": "HuaGuangJianBaoSong.ttf",
		"size": "28",
		"wordspace": "2",
		"verticalspacing": "0",
		"rotation": "0",
		"color": "ffffffff",
		"typeset": "横排",
		"con": "diy",
		"cid": "2",
		"pos": "e",
		"offset_x": "-3",
		"offset_y": "-15",
		"maxNum": "18",
		"maxLine": "1",
		"align": "center",
		"wenan": ["工作室"]
	}],
	"t_pos": "e",
	"offset_x": "0.00625",
	"offset_y": "-0.1297265625",
	"cannot_edit": ""
}