{
	"ts": [{
		"class": "图片",
		"file": "HAPPYHOUR_tx.svg",
		"con": "fix",
		"pos": "e",
		"color": "ffffffff",
		"cid": "0",
		"shadow_c": "1a000000",
		"shadow_x": "2",
		"shadow_y": "2",
		"shadow_r": "2",
		"nc_color": "0",
		"animation_id": "0",
		"type_id": "0",
		"animation_be": "0",
		"animation_time": "0",
		"animation_fc": "0",
		"animation_hold_time": "0",
		"special_x": "60",
		"special_y": "0",
		"offset_x": "-389.2",
		"offset_y": "2"
	}, {
		"class": "文字",
		"font": "ZURCHXC.ttf",
		"size": "155",
		"wordspace": "6",
		"verticalspacing": "0",
		"rotation": "0",
		"color": "ffffffff",
		"typeset": "横排",
		"con": "diy",
		"cid": "1",
		"shadow_c": "1a000000",
		"shadow_x": "2",
		"shadow_y": "2",
		"shadow_r": "2",
		"nc_color": "0",
		"animation_id": "0",
		"animation_be": "0",
		"animation_time": "0",
		"animation_hold_time": "0",
		"effect_id": "0",
		"font_x_off": "0",
		"font_y_off": "0",
		"animation_json": "",
		"pos": "e",
		"offset_x": "40.900000000000006",
		"offset_y": "0",
		"maxNum": "20",
		"maxLine": "1",
		"align": "left",
		"wenan": ["HAPPY HOUR"]
	}],
	"t_pos": "e",
	"offset_x": "0",
	"offset_y": "0",
	"animation_id": "20004",
	"animation_be": "0",
	"animation_time": "0",
	"animation_hold_time": "0",
	"effect_id": "10001",
	"animation_json": "HAPPYHOUR_wz01.json",
	"cannot_edit": ""
}