{
	"ts": [{
		"class": "图片",
		"file": "shuiyin15_tx01.svg",
		"color": "ffffffff",
		"cid": "0",
		"con": "fix",
		"pos": "h",
		"offset_x": "1.1499999999999773",
		"offset_y": "-140.85000000000002"
	}, {
		"class": "文字",
		"font": "GothamExtraLight.ttf",
		"size": "37",
		"wordspace": "25",
		"verticalspacing": "0",
		"rotation": "0",
		"color": "ffffffff",
		"typeset": "横排",
		"con": "diy",
		"cid": "1",
		"pos": "h",
		"offset_x": "2.0500000000000114",
		"offset_y": "-167.54999999999995",
		"maxNum": "22",
		"maxLine": "1",
		"align": "center",
		"wenan": ["INTERPHOTO"]
	}, {
		"class": "文字",
		"font": "GothamRoundedBold.otf",
		"size": "14",
		"wordspace": "10",
		"verticalspacing": "0",
		"rotation": "0",
		"color": "ffffffff",
		"typeset": "横排",
		"con": "diy",
		"cid": "2",
		"pos": "h",
		"offset_x": "3.1499999999999773",
		"offset_y": "-135.95000000000005",
		"maxNum": "11",
		"maxLine": "1",
		"align": "center",
		"wenan": ["PHOTOGRAPHY"]
	}, {
		"class": "文字",
		"font": "GothamRoundedBold.otf",
		"size": "13",
		"wordspace": "8",
		"verticalspacing": "5",
		"rotation": "0",
		"color": "ffffffff",
		"typeset": "横排",
		"con": "diy",
		"cid": "3",
		"pos": "b",
		"offset_x": "2.0500000000000114",
		"offset_y": "912.1",
		"maxNum": "40",
		"maxLine": "5",
		"align": "center",
		"wenan": ["NOV / 2018 / HONGKONG$WWW.INTERPHOTO.COM"]
	}],
	"t_pos": "h",
	"offset_x": "-0.0001953125",
	"offset_y": "-0.083984375",
	"cannot_edit": ""
}