{
	"ts": [{
		"class": "文字",
		"font": "YingBiXingShu.ttf",
		"size": "104",
		"wordspace": "0",
		"verticalspacing": "0",
		"rotation": "0",
		"color": "ff000000",
		"typeset": "竖排",
		"con": "diy",
		"cid": "0",
		"pos": "h",
		"offset_x": "-8.300000000000011",
		"offset_y": "-538.1",
		"maxNum": "1",
		"maxLine": "5",
		"align": "center",
		"wenan": ["印"]
	}, {
		"class": "文字",
		"font": "YingBiXingShu.ttf",
		"size": "104",
		"wordspace": "0",
		"verticalspacing": "0",
		"rotation": "0",
		"color": "ff000000",
		"typeset": "竖排",
		"con": "diy",
		"cid": "1",
		"pos": "b",
		"offset_x": "2.0500000000000114",
		"offset_y": "526.95",
		"maxNum": "1",
		"maxLine": "5",
		"align": "center",
		"wenan": ["象"]
	}, {
		"class": "文字",
		"font": "GothamMedium.otf",
		"size": "18",
		"wordspace": "6",
		"verticalspacing": "0",
		"rotation": "0",
		"color": "ff000000",
		"typeset": "横排",
		"con": "diy",
		"cid": "2",
		"pos": "e",
		"offset_x": "0",
		"offset_y": "-3.1000000000000227",
		"maxNum": "24",
		"maxLine": "1",
		"align": "center",
		"wenan": ["PHOTO BY"]
	}],
	"t_pos": "e",
	"offset_x": "0",
	"offset_y": "0",
	"cannot_edit": ""
}