{
	"ts": [{
		"class": "图片",
		"file": "shuiyin3_tx01.svg",
		"color": "ffffffff",
		"cid": "0",
		"con": "fix",
		"pos": "d",
		"offset_x": "83.15",
		"offset_y": "-46"
	}, {
		"class": "文字",
		"font": "HuaGuangJianBaoSong.ttf",
		"size": "31",
		"wordspace": "2",
		"verticalspacing": "10",
		"rotation": "0",
		"color": "ffffffff",
		"typeset": "横排",
		"con": "diy",
		"cid": "1",
		"pos": "a",
		"offset_x": "79.55",
		"offset_y": "408.65",
		"maxNum": "45",
		"maxLine": "3",
		"align": "left",
		"wenan": ["PHOTO$BY$INTERPHOTO"]
	}],
	"t_pos": "d",
	"offset_x": "0.0765625",
	"offset_y": "-0.04734375000000002",
	"cannot_edit": ""
}