{
  "frames": [
    {
      "filename": "way40000",
      "d": 0.04,
      "frame": {
        "x": 2,
        "y": 2,
        "w": 500,
        "h": 570
      }
    },
    {
      "filename": "way40001",
      "d": 0.04,
      "frame": {
        "x": 504,
        "y": 2,
        "w": 500,
        "h": 570
      }
    },
    {
      "filename": "way40002",
      "d": 0.04,
      "frame": {
        "x": 1006,
        "y": 2,
        "w": 500,
        "h": 570
      }
    },
    {
      "filename": "way40003",
      "d": 0.04,
      "frame": {
        "x": 1508,
        "y": 2,
        "w": 500,
        "h": 570
      }
    },
    {
      "filename": "way40004",
      "d": 0.04,
      "frame": {
        "x": 2,
        "y": 574,
        "w": 500,
        "h": 570
      }
    },
    {
      "filename": "way40005",
      "d": 0.04,
      "frame": {
        "x": 504,
        "y": 574,
        "w": 500,
        "h": 570
      }
    },
    {
      "filename": "way40006",
      "d": 0.04,
      "frame": {
        "x": 1006,
        "y": 574,
        "w": 500,
        "h": 570
      }
    },
    {
      "filename": "way40007",
      "d": 0.04,
      "frame": {
        "x": 1508,
        "y": 574,
        "w": 500,
        "h": 570
      }
    },
    {
      "filename": "way40008",
      "d": 0.04,
      "frame": {
        "x": 2,
        "y": 1146,
        "w": 500,
        "h": 570
      }
    },
    {
      "filename": "way40009",
      "d": 0.04,
      "frame": {
        "x": 504,
        "y": 1146,
        "w": 500,
        "h": 570
      }
    },
    {
      "filename": "way40010",
      "d": 0.04,
      "frame": {
        "x": 1006,
        "y": 1146,
        "w": 500,
        "h": 570
      }
    },
    {
      "filename": "way40011",
      "d": 2.48,
      "frame": {
        "x": 1508,
        "y": 1146,
        "w": 500,
        "h": 570
      }
    }
  ],
  "meta": {
    "image": "way8254.png",
    "size": {
      "w": 2024,
      "h": 1762
    }
  }
}