{
  "frames": [
    {
      "filename": "way10000",
      "d": 0.1,
      "frame": {
        "x": 2,
        "y": 2,
        "w": 500,
        "h": 570
      }
    },
    {
      "filename": "way10001",
      "d": 0.04,
      "frame": {
        "x": 504,
        "y": 2,
        "w": 500,
        "h": 570
      }
    },
    {
      "filename": "way10002",
      "d": 0.04,
      "frame": {
        "x": 1006,
        "y": 2,
        "w": 500,
        "h": 570
      }
    },
    {
      "filename": "way10003",
      "d": 0.04,
      "frame": {
        "x": 1508,
        "y": 2,
        "w": 500,
        "h": 570
      }
    },
    {
      "filename": "way10004",
      "d": 0.04,
      "frame": {
        "x": 2,
        "y": 574,
        "w": 500,
        "h": 570
      }
    },
    {
      "filename": "way10005",
      "d": 0.04,
      "frame": {
        "x": 504,
        "y": 574,
        "w": 500,
        "h": 570
      }
    },
    {
      "filename": "way10006",
      "d": 0.04,
      "frame": {
        "x": 1006,
        "y": 574,
        "w": 500,
        "h": 570
      }
    },
    {
      "filename": "way10007",
      "d": 0.04,
      "frame": {
        "x": 1508,
        "y": 574,
        "w": 500,
        "h": 570
      }
    },
    {
      "filename": "way10008",
      "d": 0.04,
      "frame": {
        "x": 2,
        "y": 1146,
        "w": 500,
        "h": 570
      }
    },
    {
      "filename": "way10009",
      "d": 0.04,
      "frame": {
        "x": 504,
        "y": 1146,
        "w": 500,
        "h": 570
      }
    },
    {
      "filename": "way10010",
      "d": 0.04,
      "frame": {
        "x": 1006,
        "y": 1146,
        "w": 500,
        "h": 570
      }
    },
    {
      "filename": "way10011",
      "d": 0.04,
      "frame": {
        "x": 1508,
        "y": 1146,
        "w": 500,
        "h": 570
      }
    }
  ],
  "meta": {
    "image": "way8251.png",
    "size": {
      "w": 2024,
      "h": 1762
    }
  }
}