{
  "frames": [
    {
      "filename": "way30000",
      "d": 0.04,
      "frame": {
        "x": 2,
        "y": 2,
        "w": 500,
        "h": 570
      }
    },
    {
      "filename": "way30001",
      "d": 0.04,
      "frame": {
        "x": 504,
        "y": 2,
        "w": 500,
        "h": 570
      }
    },
    {
      "filename": "way30002",
      "d": 0.04,
      "frame": {
        "x": 1006,
        "y": 2,
        "w": 500,
        "h": 570
      }
    },
    {
      "filename": "way30003",
      "d": 0.04,
      "frame": {
        "x": 1508,
        "y": 2,
        "w": 500,
        "h": 570
      }
    },
    {
      "filename": "way30004",
      "d": 0.04,
      "frame": {
        "x": 2,
        "y": 574,
        "w": 500,
        "h": 570
      }
    },
    {
      "filename": "way30005",
      "d": 0.04,
      "frame": {
        "x": 504,
        "y": 574,
        "w": 500,
        "h": 570
      }
    },
    {
      "filename": "way30006",
      "d": 0.04,
      "frame": {
        "x": 1006,
        "y": 574,
        "w": 500,
        "h": 570
      }
    },
    {
      "filename": "way30007",
      "d": 0.04,
      "frame": {
        "x": 1508,
        "y": 574,
        "w": 500,
        "h": 570
      }
    },
    {
      "filename": "way30008",
      "d": 0.04,
      "frame": {
        "x": 2,
        "y": 1146,
        "w": 500,
        "h": 570
      }
    },
    {
      "filename": "way30009",
      "d": 0.04,
      "frame": {
        "x": 504,
        "y": 1146,
        "w": 500,
        "h": 570
      }
    },
    {
      "filename": "way30010",
      "d": 0.04,
      "frame": {
        "x": 1006,
        "y": 1146,
        "w": 500,
        "h": 570
      }
    },
    {
      "filename": "way30011",
      "d": 0.04,
      "frame": {
        "x": 1508,
        "y": 1146,
        "w": 500,
        "h": 570
      }
    }
  ],
  "meta": {
    "image": "way8253.png",
    "size": {
      "w": 2024,
      "h": 1762
    }
  }
}