{
  "frames": [
    {
      "filename": "way20000",
      "d": 0.04,
      "frame": {
        "x": 2,
        "y": 2,
        "w": 500,
        "h": 570
      }
    },
    {
      "filename": "way20001",
      "d": 0.04,
      "frame": {
        "x": 504,
        "y": 2,
        "w": 500,
        "h": 570
      }
    },
    {
      "filename": "way20002",
      "d": 0.04,
      "frame": {
        "x": 1006,
        "y": 2,
        "w": 500,
        "h": 570
      }
    },
    {
      "filename": "way20003",
      "d": 0.04,
      "frame": {
        "x": 1508,
        "y": 2,
        "w": 500,
        "h": 570
      }
    },
    {
      "filename": "way20004",
      "d": 0.04,
      "frame": {
        "x": 2,
        "y": 574,
        "w": 500,
        "h": 570
      }
    },
    {
      "filename": "way20005",
      "d": 0.04,
      "frame": {
        "x": 504,
        "y": 574,
        "w": 500,
        "h": 570
      }
    },
    {
      "filename": "way20006",
      "d": 0.04,
      "frame": {
        "x": 1006,
        "y": 574,
        "w": 500,
        "h": 570
      }
    },
    {
      "filename": "way20007",
      "d": 0.04,
      "frame": {
        "x": 1508,
        "y": 574,
        "w": 500,
        "h": 570
      }
    },
    {
      "filename": "way20008",
      "d": 0.04,
      "frame": {
        "x": 2,
        "y": 1146,
        "w": 500,
        "h": 570
      }
    },
    {
      "filename": "way20009",
      "d": 0.04,
      "frame": {
        "x": 504,
        "y": 1146,
        "w": 500,
        "h": 570
      }
    },
    {
      "filename": "way20010",
      "d": 0.04,
      "frame": {
        "x": 1006,
        "y": 1146,
        "w": 500,
        "h": 570
      }
    },
    {
      "filename": "way20011",
      "d": 0.04,
      "frame": {
        "x": 1508,
        "y": 1146,
        "w": 500,
        "h": 570
      }
    }
  ],
  "meta": {
    "image": "way8252.png",
    "size": {
      "w": 2024,
      "h": 1762
    }
  }
}