{
  "frames": [
    {
      "filename": "way50000",
      "d": 0.04,
      "frame": {
        "x": 2,
        "y": 2,
        "w": 500,
        "h": 571
      }
    },
    {
      "filename": "way50001",
      "d": 0.04,
      "frame": {
        "x": 504,
        "y": 2,
        "w": 500,
        "h": 571
      }
    },
    {
      "filename": "way50002",
      "d": 0.04,
      "frame": {
        "x": 1006,
        "y": 2,
        "w": 500,
        "h": 571
      }
    },
    {
      "filename": "way50003",
      "d": 0.04,
      "frame": {
        "x": 1508,
        "y": 2,
        "w": 500,
        "h": 571
      }
    },
    {
      "filename": "way50004",
      "d": 0.04,
      "frame": {
        "x": 2,
        "y": 575,
        "w": 500,
        "h": 571
      }
    },
    {
      "filename": "way50005",
      "d": 0.04,
      "frame": {
        "x": 504,
        "y": 575,
        "w": 500,
        "h": 571
      }
    },
    {
      "filename": "way50006",
      "d": 0.04,
      "frame": {
        "x": 1006,
        "y": 575,
        "w": 500,
        "h": 571
      }
    },
    {
      "filename": "way50007",
      "d": 0.04,
      "frame": {
        "x": 1508,
        "y": 575,
        "w": 500,
        "h": 571
      }
    },
    {
      "filename": "way50008",
      "d": 0.04,
      "frame": {
        "x": 2,
        "y": 1148,
        "w": 500,
        "h": 571
      }
    },
    {
      "filename": "way50009",
      "d": 0.04,
      "frame": {
        "x": 504,
        "y": 1148,
        "w": 500,
        "h": 571
      }
    },
    {
      "filename": "way50010",
      "d": 0.04,
      "frame": {
        "x": 1006,
        "y": 1148,
        "w": 500,
        "h": 571
      }
    },
    {
      "filename": "way50011",
      "d": 0.04,
      "frame": {
        "x": 1508,
        "y": 1148,
        "w": 500,
        "h": 571
      }
    }
  ],
  "meta": {
    "image": "way8255.png",
    "size": {
      "w": 2024,
      "h": 1762
    }
  }
}