{
	"ts": [{
		"class": "文字",
		"font": "JunYa.otf",
		"size": "58",
		"wordspace": "5",
		"verticalspacing": "0",
		"rotation": "0",
		"color": "ffffffff",
		"typeset": "横排",
		"con": "diy",
		"cid": "0",
		"pos": "f",
		"offset_x": "-568.7",
		"offset_y": "-8.350000000000023",
		"maxNum": "7",
		"maxLine": "1",
		"align": "right",
		"wenan": ["印象"]
	}, {
		"class": "文字",
		"font": "SignericaFat.ttf",
		"size": "40",
		"wordspace": "0",
		"verticalspacing": "0",
		"rotation": "0",
		"color": "ffffffff",
		"typeset": "横排",
		"con": "diy",
		"cid": "1",
		"pos": "d",
		"offset_x": "469.1",
		"offset_y": "-5.0500000000000114",
		"maxNum": "12",
		"maxLine": "1",
		"align": "left",
		"wenan": ["Vision"]
	}],
	"t_pos": "e",
	"offset_x": "0.011406250000000017",
	"offset_y": "0.01953125",
	"cannot_edit": ""
}