{
	"ts": [{
		"class": "图片",
		"file": "shuiyin8_tx01.svg",
		"color": "ffffffff",
		"cid": "1000",
		"con": "fix",
		"pos": "e",
		"offset_x": "-434.5",
		"offset_y": "-411.7"
	}, {
		"class": "文字",
		"font": "JunYa.otf",
		"size": "51",
		"wordspace": "23",
		"verticalspacing": "0",
		"rotation": "0",
		"color": "ffffffff",
		"typeset": "横排",
		"con": "diy",
		"cid": "0",
		"pos": "a",
		"offset_x": "118",
		"offset_y": "57.25",
		"maxNum": "16",
		"maxLine": "1",
		"align": "left",
		"wenan": ["印象·视觉"]
	}, {
		"class": "文字",
		"font": "CodeLight.otf",
		"size": "41",
		"wordspace": "4",
		"verticalspacing": "0",
		"rotation": "0",
		"color": "ffffffff",
		"typeset": "横排",
		"con": "diy",
		"cid": "0",
		"pos": "a",
		"offset_x": "120.05",
		"offset_y": "114.55",
		"maxNum": "24",
		"maxLine": "1",
		"align": "left",
		"wenan": ["VISION 2018"]
	}],
	"t_pos": "a",
	"offset_x": "0.05828124999999999",
	"offset_y": "0.05828124999999999",
	"cannot_edit": ""
}