{
	"ts": [{
		"class": "图片",
		"file": "SOMEWHERE_tx.svg",
		"con": "fix",
		"pos": "e",
		"color": "ff000000",
		"cid": "0",
		"shadow_c": "1a000000",
		"shadow_x": "2",
		"shadow_y": "2",
		"shadow_r": "2",
		"nc_color": "0",
		"animation_id": "0",
		"type_id": "3",
		"animation_be": "0",
		"animation_time": "0",
		"animation_fc": "0",
		"animation_hold_time": "0",
		"special_x": "0",
		"special_y": "0",
		"animation_json": "SOMEWHERE_tx.json",
		"offset_x": "0",
		"offset_y": "0"
	}, {
		"class": "文字",
		"font": "965-CAI978.ttf",
		"size": "90",
		"wordspace": "25",
		"verticalspacing": "0",
		"rotation": "0",
		"color": "ffffffff",
		"typeset": "横排",
		"con": "diy",
		"cid": "1",
		"shadow_c": "00000000",
		"shadow_x": "0",
		"shadow_y": "0",
		"shadow_r": "0",
		"nc_color": "0",
		"animation_id": "0",
		"animation_be": "0",
		"animation_time": "0",
		"animation_hold_time": "0",
		"effect_id": "0",
		"font_x_off": "0",
		"font_y_off": "0",
		"animation_json": "",
		"pos": "e",
		"offset_x": "0",
		"offset_y": "-37",
		"maxNum": "18",
		"maxLine": "1",
		"align": "left",
		"wenan": ["SOMEWHERE"]
	}, {
		"class": "文字",
		"font": "965-CAI978.ttf",
		"size": "74",
		"wordspace": "5",
		"verticalspacing": "0",
		"rotation": "0",
		"color": "ffffffff",
		"typeset": "横排",
		"con": "diy",
		"cid": "2",
		"shadow_c": "00000000",
		"shadow_x": "0",
		"shadow_y": "0",
		"shadow_r": "0",
		"nc_color": "0",
		"animation_id": "0",
		"animation_be": "0",
		"animation_time": "0",
		"animation_hold_time": "0",
		"effect_id": "0",
		"font_x_off": "0",
		"font_y_off": "0",
		"animation_json": "",
		"pos": "e",
		"offset_x": "-1.0500000000000114",
		"offset_y": "49",
		"maxNum": "30",
		"maxLine": "1",
		"align": "left",
		"wenan": ["· MEMORY ·"]
	}],
	"t_pos": "e",
	"offset_x": "0",
	"offset_y": "0",
	"animation_id": "20004",
	"animation_be": "0",
	"animation_time": "0",
	"animation_hold_time": "0",
	"effect_id": "10003",
	"animation_json": "SOMEWHERE_wz01.json",
	"cannot_edit": ""
}