{
	"ts": [{
		"class": "文字",
		"font": "JunYa.otf",
		"size": "97",
		"wordspace": "8",
		"verticalspacing": "0",
		"rotation": "0",
		"color": "ffffffff",
		"typeset": "横排",
		"con": "diy",
		"cid": "0",
		"pos": "g",
		"offset_x": "29",
		"offset_y": "-205",
		"maxNum": "2",
		"maxLine": "2",
		"align": "left",
		"wenan": ["印象$摄影"]
	}, {
		"class": "文字",
		"font": "JunYa.otf",
		"size": "39",
		"wordspace": "8",
		"verticalspacing": "0",
		"rotation": "0",
		"color": "ffffffff",
		"typeset": "横排",
		"con": "diy",
		"cid": "1",
		"pos": "g",
		"offset_x": "35.4",
		"offset_y": "-141.70000000000005",
		"maxNum": "9",
		"maxLine": "1",
		"align": "left",
		"wenan": ["一月十七日"]
	}, {
		"class": "文字",
		"font": "GothamExtraLight.ttf",
		"size": "21",
		"wordspace": "5",
		"verticalspacing": "5",
		"rotation": "0",
		"color": "ffffffff",
		"typeset": "横排",
		"con": "diy",
		"cid": "2",
		"pos": "g",
		"offset_x": "37.3",
		"offset_y": "-54.85000000000002",
		"maxNum": "25",
		"maxLine": "3",
		"align": "left",
		"wenan": ["17th  January  2018$Chengdu China$http://interphoto.com"]
	}],
	"t_pos": "g",
	"offset_x": "0.030859375",
	"offset_y": "-0.053671874999999945",
	"cannot_edit": ""
}