{
	"ts": [{
		"class": "图片",
		"file": "shuiyin9_tx01.svg",
		"color": "ffffffff",
		"cid": "1000",
		"con": "fix",
		"pos": "h",
		"offset_x": "65.60000000000002",
		"offset_y": "-47.950000000000045"
	}, {
		"class": "文字",
		"font": "GothamExtraLight.ttf",
		"size": "32",
		"wordspace": "0",
		"verticalspacing": "0",
		"rotation": "0",
		"color": "ffffffff",
		"typeset": "横排",
		"con": "diy",
		"cid": "0",
		"pos": "i",
		"offset_x": "-474.4",
		"offset_y": "-45.950000000000045",
		"maxNum": "22",
		"maxLine": "1",
		"align": "right",
		"wenan": ["www.abc.com"]
	}, {
		"class": "文字",
		"font": "YingBiXingShu.ttf",
		"size": "45",
		"wordspace": "0",
		"verticalspacing": "0",
		"rotation": "0",
		"color": "ffffffff",
		"typeset": "横排",
		"con": "diy",
		"cid": "1",
		"pos": "g",
		"offset_x": "605.55",
		"offset_y": "-40.299999999999955",
		"maxNum": "6",
		"maxLine": "1",
		"align": "left",
		"wenan": ["印象"]
	}],
	"t_pos": "h",
	"offset_x": "-0.0016406250000000177",
	"offset_y": "-0.04085937499999996",
	"cannot_edit": ""
}