{
	"ts": [{
		"class": "图片",
		"file": "shuiyin17_tx01.svg",
		"color": "ffffffff",
		"cid": "0",
		"con": "fix",
		"pos": "h",
		"offset_x": "0",
		"offset_y": "-127.45000000000005"
	}, {
		"class": "文字",
		"font": "SignericaFat.ttf",
		"size": "32",
		"wordspace": "0",
		"verticalspacing": "0",
		"rotation": "0",
		"color": "ffffffff",
		"typeset": "横排",
		"con": "diy",
		"cid": "1",
		"pos": "h",
		"offset_x": "-1.0500000000000114",
		"offset_y": "-199.95000000000005",
		"maxNum": "15",
		"maxLine": "1",
		"align": "center",
		"wenan": ["Photography"]
	}, {
		"class": "文字",
		"font": "GothamExtraLight.ttf",
		"size": "14",
		"wordspace": "10",
		"verticalspacing": "10",
		"rotation": "0",
		"color": "ffffffff",
		"typeset": "横排",
		"con": "diy",
		"cid": "2",
		"pos": "h",
		"offset_x": "-6.149999999999977",
		"offset_y": "-67.5",
		"maxNum": "22",
		"maxLine": "4",
		"align": "center",
		"wenan": ["INTERPHOTO$WWW.INTERPHOTO.COM"]
	}],
	"t_pos": "h",
	"offset_x": "-0.0015625",
	"offset_y": "-0.06468749999999997",
	"cannot_edit": ""
}