{
	"ts": [{
		"class": "文字",
		"font": "GothamRoundedBold.otf",
		"size": "18",
		"wordspace": "0",
		"verticalspacing": "0",
		"rotation": "0",
		"color": "ffffffff",
		"typeset": "横排",
		"con": "diy",
		"cid": "0",
		"pos": "h",
		"offset_x": "6.199999999999989",
		"offset_y": "-65.5",
		"maxNum": "90",
		"maxLine": "1",
		"align": "center",
		"wenan": ["INTERPHOTO photography  Nanjing / China   14 / February / 2018"]
	}, {
		"class": "文字",
		"font": "GothamRoundedBold.otf",
		"size": "18",
		"wordspace": "0",
		"verticalspacing": "0",
		"rotation": "0",
		"color": "ffffffff",
		"typeset": "横排",
		"con": "diy",
		"cid": "0",
		"pos": "h",
		"offset_x": "-3.1499999999999773",
		"offset_y": "-39.5",
		"maxNum": "90",
		"maxLine": "1",
		"align": "center",
		"wenan": ["http://interphoto.com"]
	}],
	"t_pos": "h",
	"offset_x": "0.003281249999999991",
	"offset_y": "-0.039374999999999896",
	"cannot_edit": ""
}