{
	"ts": [{
		"class": "文字",
		"font": "GothamMedium.otf",
		"size": "29",
		"wordspace": "0",
		"verticalspacing": "0",
		"rotation": "0",
		"color": "ffffffff",
		"typeset": "横排",
		"con": "diy",
		"cid": "0",
		"pos": "h",
		"offset_x": "-2",
		"offset_y": "-310.79999999999995",
		"maxNum": "42",
		"maxLine": "1",
		"align": "center",
		"wenan": ["INTERPHOTO"]
	}, {
		"class": "文字",
		"font": "HelveticaCondensed.ttf",
		"size": "103",
		"wordspace": "0",
		"verticalspacing": "0",
		"rotation": "0",
		"color": "ffffffff",
		"typeset": "横排",
		"con": "diy",
		"cid": "1",
		"pos": "h",
		"offset_x": "-2.1499999999999773",
		"offset_y": "-185.85",
		"maxNum": "16",
		"maxLine": "1",
		"align": "center",
		"wenan": ["2018"]
	}, {
		"class": "文字",
		"font": "GothamExtraLight.ttf",
		"size": "51",
		"wordspace": "0",
		"verticalspacing": "0",
		"rotation": "0",
		"color": "ffffffff",
		"typeset": "横排",
		"con": "diy",
		"cid": "2",
		"pos": "h",
		"offset_x": "-3.1000000000000227",
		"offset_y": "-139.14999999999998",
		"maxNum": "19",
		"maxLine": "1",
		"align": "center",
		"wenan": ["WORKS"]
	}],
	"t_pos": "h",
	"offset_x": "-0.0017968750000000532",
	"offset_y": "-0.15031250000000002",
	"cannot_edit": ""
}