{
	"ts": [{
		"class": "图片",
		"file": "h8181,h8182,h8183",
		"con": "fix",
		"pos": "a",
		"color": "fff4b518",
		"cid": "0",
		"shadow_c": "1a000000",
		"shadow_x": "2",
		"shadow_y": "2",
		"shadow_r": "2",
		"nc_color": "0",
		"animation_id": "0",
		"type_id": "1",
		"animation_be": "0",
		"animation_time": "0",
		"animation_fc": "0",
		"animation_hold_time": "0",
		"special_x": "0",
		"special_y": "0",
		"offset_x": "-0.15",
		"offset_y": "741.15"
	}, {
		"class": "文字",
		"font": "GOTHICB.ttf",
		"size": "49",
		"wordspace": "0",
		"verticalspacing": "1",
		"rotation": "0",
		"color": "ffffffff",
		"typeset": "横排",
		"con": "diy",
		"cid": "1",
		"shadow_c": "1a000000",
		"shadow_x": "2",
		"shadow_y": "2",
		"shadow_r": "2",
		"nc_color": "0",
		"animation_id": "20004",
		"animation_be": "0",
		"animation_time": "0",
		"animation_hold_time": "0",
		"effect_id": "0",
		"font_x_off": "0",
		"font_y_off": "0",
		"animation_json": "VISION_wz01.json",
		"pos": "a",
		"offset_x": "382.5",
		"offset_y": "1145",
		"maxNum": "100",
		"maxLine": "3",
		"align": "left",
		"wenan": ["VISION$INTERPHOTO$WORKS"]
	}],
	"t_pos": "g",
	"offset_x": "0",
	"offset_y": "-0.03959960937500001",
	"animation_id": "0",
	"animation_be": "0",
	"animation_time": "0",
	"animation_hold_time": "0",
	"effect_id": "0",
	"animation_json": "",
	"cannot_edit": ""
}