{
  "frames": [
    {
      "filename": "xl20000",
      "d": 0.04,
      "frame": {
        "x": 2,
        "y": 2,
        "w": 360,
        "h": 580
      }
    },
    {
      "filename": "xl20001",
      "d": 0.04,
      "frame": {
        "x": 364,
        "y": 2,
        "w": 360,
        "h": 580
      }
    },
    {
      "filename": "xl20002",
      "d": 0.04,
      "frame": {
        "x": 364,
        "y": 2,
        "w": 360,
        "h": 580
      }
    },
    {
      "filename": "xl20003",
      "d": 0.04,
      "frame": {
        "x": 726,
        "y": 2,
        "w": 360,
        "h": 580
      }
    },
    {
      "filename": "xl20004",
      "d": 0.04,
      "frame": {
        "x": 1088,
        "y": 2,
        "w": 360,
        "h": 580
      }
    },
    {
      "filename": "xl20005",
      "d": 0.04,
      "frame": {
        "x": 2,
        "y": 584,
        "w": 360,
        "h": 580
      }
    },
    {
      "filename": "xl20006",
      "d": 0.04,
      "frame": {
        "x": 364,
        "y": 584,
        "w": 360,
        "h": 580
      }
    },
    {
      "filename": "xl20007",
      "d": 0.04,
      "frame": {
        "x": 726,
        "y": 584,
        "w": 360,
        "h": 580
      }
    },
    {
      "filename": "xl20008",
      "d": 0.04,
      "frame": {
        "x": 1088,
        "y": 584,
        "w": 360,
        "h": 580
      }
    },
    {
      "filename": "xl20009",
      "d": 0.04,
      "frame": {
        "x": 2,
        "y": 1166,
        "w": 360,
        "h": 580
      }
    },
    {
      "filename": "xl20010",
      "d": 0.04,
      "frame": {
        "x": 364,
        "y": 1166,
        "w": 360,
        "h": 580
      }
    },
    {
      "filename": "xl20011",
      "d": 2.6,
      "frame": {
        "x": 726,
        "y": 1166,
        "w": 360,
        "h": 580
      }
    }
  ],
  "meta": {
    "image": "h8182.png",
    "size": {
      "w": 1538,
      "h": 1755
    }
  }
}