{
  "frames": [
    {
      "filename": "xl10000",
      "d": 0.04,
      "frame": {
        "x": 2,
        "y": 2,
        "w": 360,
        "h": 580
      }
    },
    {
      "filename": "xl10001",
      "d": 0.04,
      "frame": {
        "x": 364,
        "y": 2,
        "w": 360,
        "h": 580
      }
    },
    {
      "filename": "xl10002",
      "d": 0.04,
      "frame": {
        "x": 726,
        "y": 2,
        "w": 360,
        "h": 580
      }
    },
    {
      "filename": "xl10003",
      "d": 0.04,
      "frame": {
        "x": 1088,
        "y": 2,
        "w": 360,
        "h": 580
      }
    },
    {
      "filename": "xl10004",
      "d": 0.04,
      "frame": {
        "x": 2,
        "y": 584,
        "w": 360,
        "h": 580
      }
    },
    {
      "filename": "xl10005",
      "d": 0.04,
      "frame": {
        "x": 364,
        "y": 584,
        "w": 360,
        "h": 580
      }
    },
    {
      "filename": "xl10006",
      "d": 0.04,
      "frame": {
        "x": 726,
        "y": 584,
        "w": 360,
        "h": 580
      }
    },
    {
      "filename": "xl10007",
      "d": 0.04,
      "frame": {
        "x": 1088,
        "y": 584,
        "w": 360,
        "h": 580
      }
    },
    {
      "filename": "xl10008",
      "d": 0.04,
      "frame": {
        "x": 2,
        "y": 1166,
        "w": 360,
        "h": 580
      }
    },
    {
      "filename": "xl10009",
      "d": 0.04,
      "frame": {
        "x": 364,
        "y": 1166,
        "w": 360,
        "h": 580
      }
    },
    {
      "filename": "xl10010",
      "d": 0.04,
      "frame": {
        "x": 726,
        "y": 1166,
        "w": 360,
        "h": 580
      }
    },
    {
      "filename": "xl10011",
      "d": 0.04,
      "frame": {
        "x": 1088,
        "y": 1166,
        "w": 360,
        "h": 580
      }
    }
  ],
  "meta": {
    "image": "h8181.png",
    "size": {
      "w": 1538,
      "h": 1755
    }
  }
}