{
  "frames": [
    {
      "filename": "xl30000",
      "d": 0.04,
      "frame": {
        "x": 2,
        "y": 2,
        "w": 360,
        "h": 580
      }
    },
    {
      "filename": "xl30001",
      "d": 0.04,
      "frame": {
        "x": 364,
        "y": 2,
        "w": 360,
        "h": 580
      }
    },
    {
      "filename": "xl30002",
      "d": 0.04,
      "frame": {
        "x": 726,
        "y": 2,
        "w": 360,
        "h": 580
      }
    },
    {
      "filename": "xl30003",
      "d": 0.04,
      "frame": {
        "x": 1088,
        "y": 2,
        "w": 360,
        "h": 580
      }
    },
    {
      "filename": "xl30004",
      "d": 0.04,
      "frame": {
        "x": 2,
        "y": 584,
        "w": 360,
        "h": 580
      }
    },
    {
      "filename": "xl30005",
      "d": 0.04,
      "frame": {
        "x": 364,
        "y": 584,
        "w": 360,
        "h": 580
      }
    },
    {
      "filename": "xl30006",
      "d": 0.04,
      "frame": {
        "x": 726,
        "y": 584,
        "w": 360,
        "h": 580
      }
    },
    {
      "filename": "xl30007",
      "d": 0.04,
      "frame": {
        "x": 1088,
        "y": 584,
        "w": 360,
        "h": 580
      }
    },
    {
      "filename": "xl30008",
      "d": 0.04,
      "frame": {
        "x": 2,
        "y": 1166,
        "w": 360,
        "h": 580
      }
    },
    {
      "filename": "xl30009",
      "d": 0.04,
      "frame": {
        "x": 364,
        "y": 1166,
        "w": 360,
        "h": 580
      }
    },
    {
      "filename": "xl30010",
      "d": 0.04,
      "frame": {
        "x": 726,
        "y": 1166,
        "w": 360,
        "h": 580
      }
    },
    {
      "filename": "xl30011",
      "d": 0.04,
      "frame": {
        "x": 1088,
        "y": 1166,
        "w": 360,
        "h": 580
      }
    }
  ],
  "meta": {
    "image": "h8183.png",
    "size": {
      "w": 1538,
      "h": 1755
    }
  }
}