{
	"ts": [{
		"class": "图片",
		"file": "shuiyin16_tx01.svg",
		"color": "ffffffff",
		"cid": "0",
		"con": "fix",
		"pos": "e",
		"offset_x": "2.1999999999999886",
		"offset_y": "-136.45"
	}, {
		"class": "文字",
		"font": "GothamBold.otf",
		"size": "24",
		"wordspace": "19",
		"verticalspacing": "0",
		"rotation": "0",
		"color": "ffffffff",
		"typeset": "横排",
		"con": "diy",
		"cid": "1",
		"pos": "e",
		"offset_x": "-0.05000000000001137",
		"offset_y": "-200.55",
		"maxNum": "6",
		"maxLine": "1",
		"align": "center",
		"wenan": ["2018"]
	}, {
		"class": "文字",
		"font": "ATCTequila.otf",
		"size": "52",
		"wordspace": "22",
		"verticalspacing": "0",
		"rotation": "0",
		"color": "ffffffff",
		"typeset": "横排",
		"con": "diy",
		"cid": "2",
		"pos": "e",
		"offset_x": "2.1000000000000227",
		"offset_y": "-130.60000000000002",
		"maxNum": "28",
		"maxLine": "1",
		"align": "center",
		"wenan": ["INTERPHOTO"]
	}, {
		"class": "文字",
		"font": "GothamBold.otf",
		"size": "15",
		"wordspace": "8",
		"verticalspacing": "0",
		"rotation": "0",
		"color": "ffffffff",
		"typeset": "横排",
		"con": "diy",
		"cid": "3",
		"pos": "e",
		"offset_x": "3.1000000000000227",
		"offset_y": "-79.19999999999999",
		"maxNum": "11",
		"maxLine": "1",
		"align": "center",
		"wenan": ["PHOTOGRAPHY"]
	}],
	"t_pos": "e",
	"offset_x": "0",
	"offset_y": "0",
	"cannot_edit": ""
}