{
	"ts": [{
		"class": "图片",
		"file": "sw8251,sw8252,sw8253",
		"con": "fix",
		"pos": "e",
		"color": "ffffffff",
		"cid": "0",
		"shadow_c": "1a000000",
		"shadow_x": "2",
		"shadow_y": "2",
		"shadow_r": "2",
		"nc_color": "0",
		"animation_id": "0",
		"type_id": "1",
		"animation_be": "0",
		"animation_time": "0",
		"animation_fc": "0",
		"animation_hold_time": "0",
		"offset_x": "0",
		"offset_y": "0"
	}],
	"t_pos": "e",
	"offset_x": "0",
	"offset_y": "0",
	"animation_id": "0",
	"animation_be": "0",
	"animation_time": "0",
	"animation_hold_time": "0",
	"effect_id": "0",
	"cannot_edit": ""
}