{
  "frames": [
    {
      "filename": "sw30000",
      "d": 0.04,
      "frame": {
        "x": 1,
        "y": 1,
        "w": 300,
        "h": 550
      }
    },
    {
      "filename": "sw30001",
      "d": 0.04,
      "frame": {
        "x": 302,
        "y": 1,
        "w": 300,
        "h": 550
      }
    },
    {
      "filename": "sw30002",
      "d": 0.04,
      "frame": {
        "x": 603,
        "y": 1,
        "w": 300,
        "h": 550
      }
    },
    {
      "filename": "sw30003",
      "d": 0.04,
      "frame": {
        "x": 904,
        "y": 1,
        "w": 300,
        "h": 550
      }
    },
    {
      "filename": "sw30004",
      "d": 0.04,
      "frame": {
        "x": 1205,
        "y": 1,
        "w": 300,
        "h": 550
      }
    },
    {
      "filename": "sw30005",
      "d": 0.04,
      "frame": {
        "x": 1506,
        "y": 1,
        "w": 300,
        "h": 550
      }
    },
    {
      "filename": "sw30006",
      "d": 0.04,
      "frame": {
        "x": 1807,
        "y": 1,
        "w": 300,
        "h": 550
      }
    },
    {
      "filename": "sw30007",
      "d": 2.48,
      "frame": {
        "x": 1,
        "y": 552,
        "w": 300,
        "h": 550
      }
    },
    {
      "filename": "sw30008",
      "d": 0.04,
      "frame": {
        "x": 1,
        "y": 552,
        "w": 300,
        "h": 550
      }
    },
    {
      "filename": "sw30009",
      "d": 0.04,
      "frame": {
        "x": 302,
        "y": 552,
        "w": 300,
        "h": 550
      }
    },
    {
      "filename": "sw30010",
      "d": 0.04,
      "frame": {
        "x": 603,
        "y": 552,
        "w": 300,
        "h": 550
      }
    },
    {
      "filename": "sw30011",
      "d": 0.04,
      "frame": {
        "x": 904,
        "y": 552,
        "w": 300,
        "h": 550
      }
    },
    {
      "filename": "sw30012",
      "d": 0.04,
      "frame": {
        "x": 1205,
        "y": 552,
        "w": 300,
        "h": 550
      }
    },
    {
      "filename": "sw30013",
      "d": 0.04,
      "frame": {
        "x": 1506,
        "y": 552,
        "w": 300,
        "h": 550
      }
    },
    {
      "filename": "sw30014",
      "d": 0.04,
      "frame": {
        "x": 1807,
        "y": 552,
        "w": 300,
        "h": 550
      }
    },
    {
      "filename": "sw30015",
      "d": 0.04,
      "frame": {
        "x": 1,
        "y": 1103,
        "w": 300,
        "h": 550
      }
    },
    {
      "filename": "sw30016",
      "d": 0.04,
      "frame": {
        "x": 302,
        "y": 1103,
        "w": 300,
        "h": 550
      }
    },
    {
      "filename": "sw30017",
      "d": 0.04,
      "frame": {
        "x": 603,
        "y": 1103,
        "w": 300,
        "h": 550
      }
    },
    {
      "filename": "sw30018",
      "d": 0.04,
      "frame": {
        "x": 904,
        "y": 1103,
        "w": 300,
        "h": 550
      }
    },
    {
      "filename": "sw30019",
      "d": 0.04,
      "frame": {
        "x": 1205,
        "y": 1103,
        "w": 300,
        "h": 550
      }
    }
  ],
  "meta": {
    "image": "sw8253.png",
    "size": {
      "w": 2120,
      "h": 1670
    }
  }
}