{
  "frames": [
    {
      "filename": "sw20000",
      "d": 0.04,
      "frame": {
        "x": 1,
        "y": 1,
        "w": 300,
        "h": 550
      }
    },
    {
      "filename": "sw20001",
      "d": 0.04,
      "frame": {
        "x": 302,
        "y": 1,
        "w": 300,
        "h": 550
      }
    },
    {
      "filename": "sw20002",
      "d": 0.04,
      "frame": {
        "x": 603,
        "y": 1,
        "w": 300,
        "h": 550
      }
    },
    {
      "filename": "sw20003",
      "d": 0.04,
      "frame": {
        "x": 904,
        "y": 1,
        "w": 300,
        "h": 550
      }
    },
    {
      "filename": "sw20004",
      "d": 0.04,
      "frame": {
        "x": 1205,
        "y": 1,
        "w": 300,
        "h": 550
      }
    },
    {
      "filename": "sw20005",
      "d": 0.04,
      "frame": {
        "x": 1506,
        "y": 1,
        "w": 300,
        "h": 550
      }
    },
    {
      "filename": "sw20006",
      "d": 0.04,
      "frame": {
        "x": 1807,
        "y": 1,
        "w": 300,
        "h": 550
      }
    },
    {
      "filename": "sw20007",
      "d": 0.04,
      "frame": {
        "x": 1,
        "y": 552,
        "w": 300,
        "h": 550
      }
    },
    {
      "filename": "sw20008",
      "d": 0.04,
      "frame": {
        "x": 302,
        "y": 552,
        "w": 300,
        "h": 550
      }
    },
    {
      "filename": "sw20009",
      "d": 0.04,
      "frame": {
        "x": 603,
        "y": 552,
        "w": 300,
        "h": 550
      }
    },
    {
      "filename": "sw20010",
      "d": 0.04,
      "frame": {
        "x": 904,
        "y": 552,
        "w": 300,
        "h": 550
      }
    },
    {
      "filename": "sw20011",
      "d": 0.04,
      "frame": {
        "x": 1205,
        "y": 552,
        "w": 300,
        "h": 550
      }
    },
    {
      "filename": "sw20012",
      "d": 0.04,
      "frame": {
        "x": 1506,
        "y": 552,
        "w": 300,
        "h": 550
      }
    },
    {
      "filename": "sw20013",
      "d": 0.04,
      "frame": {
        "x": 1807,
        "y": 552,
        "w": 300,
        "h": 550
      }
    },
    {
      "filename": "sw20014",
      "d": 0.04,
      "frame": {
        "x": 1,
        "y": 1103,
        "w": 300,
        "h": 550
      }
    },
    {
      "filename": "sw20015",
      "d": 0.04,
      "frame": {
        "x": 302,
        "y": 1103,
        "w": 300,
        "h": 550
      }
    },
    {
      "filename": "sw20016",
      "d": 0.04,
      "frame": {
        "x": 603,
        "y": 1103,
        "w": 300,
        "h": 550
      }
    },
    {
      "filename": "sw20017",
      "d": 0.04,
      "frame": {
        "x": 904,
        "y": 1103,
        "w": 300,
        "h": 550
      }
    },
    {
      "filename": "sw20018",
      "d": 0.04,
      "frame": {
        "x": 1205,
        "y": 1103,
        "w": 300,
        "h": 550
      }
    },
    {
      "filename": "sw20019",
      "d": 0.04,
      "frame": {
        "x": 1506,
        "y": 1103,
        "w": 300,
        "h": 550
      }
    }
  ],
  "meta": {
    "image": "sw8252.png",
    "size": {
      "w": 2120,
      "h": 1669
    }
  }
}