{
  "frames": [
    {
      "filename": "sw10000",
      "d": 0.1,
      "frame": {
        "x": 1,
        "y": 1,
        "w": 300,
        "h": 550
      }
    },
    {
      "filename": "sw10001",
      "d": 0.04,
      "frame": {
        "x": 302,
        "y": 1,
        "w": 300,
        "h": 550
      }
    },
    {
      "filename": "sw10002",
      "d": 0.04,
      "frame": {
        "x": 302,
        "y": 1,
        "w": 300,
        "h": 550
      }
    },
    {
      "filename": "sw10003",
      "d": 0.04,
      "frame": {
        "x": 603,
        "y": 1,
        "w": 300,
        "h": 550
      }
    },
    {
      "filename": "sw10004",
      "d": 0.04,
      "frame": {
        "x": 904,
        "y": 1,
        "w": 300,
        "h": 550
      }
    },
    {
      "filename": "sw10005",
      "d": 0.04,
      "frame": {
        "x": 1205,
        "y": 1,
        "w": 300,
        "h": 550
      }
    },
    {
      "filename": "sw10006",
      "d": 0.04,
      "frame": {
        "x": 1506,
        "y": 1,
        "w": 300,
        "h": 550
      }
    },
    {
      "filename": "sw10007",
      "d": 0.04,
      "frame": {
        "x": 1807,
        "y": 1,
        "w": 300,
        "h": 550
      }
    },
    {
      "filename": "sw10008",
      "d": 0.04,
      "frame": {
        "x": 1,
        "y": 552,
        "w": 300,
        "h": 550
      }
    },
    {
      "filename": "sw10009",
      "d": 0.04,
      "frame": {
        "x": 302,
        "y": 552,
        "w": 300,
        "h": 550
      }
    },
    {
      "filename": "sw10010",
      "d": 0.04,
      "frame": {
        "x": 603,
        "y": 552,
        "w": 300,
        "h": 550
      }
    },
    {
      "filename": "sw10011",
      "d": 0.04,
      "frame": {
        "x": 904,
        "y": 552,
        "w": 300,
        "h": 550
      }
    },
    {
      "filename": "sw10012",
      "d": 0.04,
      "frame": {
        "x": 1205,
        "y": 552,
        "w": 300,
        "h": 550
      }
    },
    {
      "filename": "sw10013",
      "d": 0.04,
      "frame": {
        "x": 1506,
        "y": 552,
        "w": 300,
        "h": 550
      }
    },
    {
      "filename": "sw10014",
      "d": 0.04,
      "frame": {
        "x": 1807,
        "y": 552,
        "w": 300,
        "h": 550
      }
    },
    {
      "filename": "sw10015",
      "d": 0.04,
      "frame": {
        "x": 1,
        "y": 1103,
        "w": 300,
        "h": 550
      }
    },
    {
      "filename": "sw10016",
      "d": 0.04,
      "frame": {
        "x": 302,
        "y": 1103,
        "w": 300,
        "h": 550
      }
    },
    {
      "filename": "sw10017",
      "d": 0.04,
      "frame": {
        "x": 603,
        "y": 1103,
        "w": 300,
        "h": 550
      }
    },
    {
      "filename": "sw10018",
      "d": 0.04,
      "frame": {
        "x": 904,
        "y": 1103,
        "w": 300,
        "h": 550
      }
    },
    {
      "filename": "sw10019",
      "d": 0.04,
      "frame": {
        "x": 1205,
        "y": 1103,
        "w": 300,
        "h": 550
      }
    }
  ],
  "meta": {
    "image": "sw8251.png",
    "size": {
      "w": 2120,
      "h": 1669
    }
  }
}